<step title="Incoming Request" date="2025-07-31T11:18:56.892" instance="52038d" url="/api/publish?type=zip" method="POST" type="request" pid="803,1,34" Accept="*/*" Host="customer-support-api.scm.azurewebsites.net" User-Agent="AZURECLI/2.71.0 (HOMEBREW)" Accept-Encoding="gzip, deflate" Authorization="Bas..." Cache-Control="no-cache" Content-Type="application/octet-stream" Cookie="ARRAffinity=52038d977ec3dcd2065ef7f8d553e9c533ad3943d69085df8fa73bfbb156598f; ARRAffinitySameSite=52038d977ec3dcd2065ef7f8d553e9c533ad3943d69085df8fa73bfbb156598f" Content-Length="1540" x-ms-client-request-id="1fae4f50-6e00-11f0-9f15-6efce004ed77" x-ms-artifact-checksum="28e6d74bddce88628b1c3d6d2f728329fbeb8a71bdf8a6746be0f1510824d9af" X-ARR-LOG-ID="1fae4f50-6e00-11f0-9f15-6efce004ed77" CLIENT-IP="122.171.23.237:6743" X-SITE-DEPLOYMENT-ID="customer-support-api" WAS-DEFAULT-HOSTNAME="customer-support-api.scm.azurewebsites.net" X-Forwarded-Proto="https" X-AppService-Proto="https" X-Forwarded-TlsVersion="1.3" X-WAWS-Unencoded-URL="/api/publish?type=zip" X-Client-IP="122.171.23.237" X-Client-Port="6743" >
  <step title="OneDeploy" date="2025-07-31T11:18:56.908" >
    <step title="Starting PushDeployAsync" date="2025-07-31T11:18:56.926" /><!-- duration: 4ms -->
    <step title="Writing artifact to /tmp/zipdeploy/6f06f433-4375-405d-8779-8350ebe25264.zip" date="2025-07-31T11:18:56.956" >
      <step title="Writing multipart request body to /tmp/zipdeploy/6f06f433-4375-405d-8779-8350ebe25264.zip" date="2025-07-31T11:18:56.967" /><!-- duration: 10ms -->
    </step><!-- duration: 56ms -->
    <step title="Attempting to fetch target branch HEAD" date="2025-07-31T11:18:57.053" /><!-- duration: 7ms -->
    <step title="Acquiring Deployment Lock" date="2025-07-31T11:18:57.081" /><!-- duration: 11ms -->
    <step title="Acquired Deployment Lock" date="2025-07-31T11:18:57.125" /><!-- duration: 15ms -->
    <step title="Performing fetch based deployment" date="2025-07-31T11:18:57.150" >
      <step title="Creating temporary deployment" date="2025-07-31T11:18:57.154" /><!-- duration: 86ms -->
      <step title="Releasing Deployment Lock" date="2025-07-31T11:18:58.436" /><!-- duration: 9ms -->
      <step title="Cleaning up temp folders from previous zip deployments and extracting pushed zip file /tmp/zipdeploy/6f06f433-4375-405d-8779-8350ebe25264.zip (0.00 MB) to /tmp/zipdeploy/extracted" date="2025-07-31T11:18:58.494" >
        <step title="ChmodRecursive Process exited with total time taken in ms: 67" date="2025-07-31T11:18:58.627" /><!-- duration: 11ms -->
      </step><!-- duration: 179ms -->
      <step title="None repository commit" date="2025-07-31T11:18:58.693" >
        <step title="Commit id: 0da6fa5b-45e5-492e-8e61-fd8527d3ac3b" date="2025-07-31T11:18:58.697" Message="OneDeploy" AuthorName="N/A" AuthorEmail="N/A" /><!-- duration: 4ms -->
      </step><!-- duration: 11ms -->
      <step title="Deployment timer started" date="2025-07-31T11:19:00.707" >
        <step title="DeploymentManager.Deploy(id:0da6fa5b-45e5-492e-8e61-fd8527d3ac3b)" date="2025-07-31T11:19:00.715" >
          <step title="Collecting changeset information" date="2025-07-31T11:19:00.740" /><!-- duration: 150ms -->
          <step title="Updating submodules" date="2025-07-31T11:19:00.897" /><!-- duration: 1362ms -->
          <step title="Determining deployment builder" date="2025-07-31T11:19:02.721" >
            <step title="Builder is OneDeployBuilder" date="2025-07-31T11:19:02.762" /><!-- duration: 13ms -->
          </step><!-- duration: 110ms -->
          <step title="PreDeployment: context.CleanOutputPath False" date="2025-07-31T11:19:02.903" >
            <step title="PreDeployment: context.OutputPath /home/site/wwwroot" date="2025-07-31T11:19:03.234" >
              <step title="Building" date="2025-07-31T11:19:03.752" >
                <step title="Executing external process" date="2025-07-31T11:19:05.360" type="process" path="starter.sh" arguments="/opt/Kudu/Scripts/parallel_rsync.sh /tmp/zipdeploy/extracted /home/site/wwwroot 8 /tmp/ False False  " /><!-- duration: 5416ms -->
                <step title="Modified file to trigger a restart of the app container." date="2025-07-31T11:19:11.961" /><!-- duration: 30ms -->
                <step title="Skip function trigger and logicapp sync because function is not enabled." date="2025-07-31T11:19:12.029" /><!-- duration: 41ms -->
              </step><!-- duration: 9755ms -->
            </step><!-- duration: 10309ms -->
            <step title="Cleaning up temp files" date="2025-07-31T11:19:13.554" /><!-- duration: 27ms -->
            <step title="Cleaning up temp files" date="2025-07-31T11:19:13.594" /><!-- duration: 562ms -->
            <step title="Reloading status file with latest updates" date="2025-07-31T11:19:14.289" >
              <step title="WebHooksManager.PublishEventAsync: PostDeployment" date="2025-07-31T11:19:14.307" /><!-- duration: 126ms -->
            </step><!-- duration: 184ms -->
            <step title="Cleaning up temporary deployment - fetch deployment was successful" date="2025-07-31T11:19:14.483" /><!-- duration: 94ms -->
          </step><!-- duration: 11873ms -->
        </step><!-- duration: 14088ms -->
        <step title="Outgoing response" date="2025-07-31T11:19:14.830" type="response" statusCode="200" statusText="OK" /><!-- duration: 10ms -->
      </step><!-- duration: 14143ms -->
