<step title="Incoming Request" date="2025-07-31T08:40:23.777" instance="52038d" url="/api/publish?type=zip" method="POST" type="request" pid="803,1,18" Accept="*/*" Host="customer-support-api.scm.azurewebsites.net" User-Agent="AZURECLI/2.71.0 (HOMEBREW)" Accept-Encoding="gzip, deflate" Authorization="Bas..." Cache-Control="no-cache" Content-Type="application/octet-stream" Cookie="ARRAffinity=52038d977ec3dcd2065ef7f8d553e9c533ad3943d69085df8fa73bfbb156598f; ARRAffinitySameSite=52038d977ec3dcd2065ef7f8d553e9c533ad3943d69085df8fa73bfbb156598f" Content-Length="1160" x-ms-client-request-id="fb140aba-6de9-11f0-9109-6efce004ed77" x-ms-artifact-checksum="59f6ae64a3dfd4afe6462dc9c4a116a53eefa8c3b12042e6d03f9be1ad225bde" X-ARR-LOG-ID="fb140aba-6de9-11f0-9109-6efce004ed77" CLIENT-IP="122.171.23.237:9352" X-SITE-DEPLOYMENT-ID="customer-support-api" WAS-DEFAULT-HOSTNAME="customer-support-api.scm.azurewebsites.net" X-Forwarded-Proto="https" X-AppService-Proto="https" X-Forwarded-TlsVersion="1.3" X-WAWS-Unencoded-URL="/api/publish?type=zip" X-Client-IP="122.171.23.237" X-Client-Port="9352" >
  <step title="OneDeploy" date="2025-07-31T08:40:23.795" >
    <step title="Starting PushDeployAsync" date="2025-07-31T08:40:23.805" /><!-- duration: 5ms -->
    <step title="Writing artifact to /tmp/zipdeploy/6a324c47-0a69-46e6-8616-28b3dcb93fe0.zip" date="2025-07-31T08:40:23.826" >
      <step title="Writing multipart request body to /tmp/zipdeploy/6a324c47-0a69-46e6-8616-28b3dcb93fe0.zip" date="2025-07-31T08:40:23.829" /><!-- duration: 4ms -->
    </step><!-- duration: 18ms -->
    <step title="Attempting to fetch target branch HEAD" date="2025-07-31T08:40:23.862" /><!-- duration: 5ms -->
    <step title="Acquiring Deployment Lock" date="2025-07-31T08:40:23.871" /><!-- duration: 11ms -->
    <step title="Acquired Deployment Lock" date="2025-07-31T08:40:23.910" /><!-- duration: 4ms -->
    <step title="Performing fetch based deployment" date="2025-07-31T08:40:23.921" >
      <step title="Creating temporary deployment" date="2025-07-31T08:40:23.926" /><!-- duration: 61ms -->
      <step title="Releasing Deployment Lock" date="2025-07-31T08:40:25.122" /><!-- duration: 7ms -->
      <step title="Cleaning up temp folders from previous zip deployments and extracting pushed zip file /tmp/zipdeploy/6a324c47-0a69-46e6-8616-28b3dcb93fe0.zip (0.00 MB) to /tmp/zipdeploy/extracted" date="2025-07-31T08:40:25.158" >
        <step title="ChmodRecursive Process exited with total time taken in ms: 65" date="2025-07-31T08:40:25.282" /><!-- duration: 10ms -->
      </step><!-- duration: 139ms -->
      <step title="None repository commit" date="2025-07-31T08:40:25.313" >
        <step title="Commit id: a61f0d53-659c-410b-987b-ce46fe5a9950" date="2025-07-31T08:40:25.317" Message="OneDeploy" AuthorName="N/A" AuthorEmail="N/A" /><!-- duration: 3ms -->
      </step><!-- duration: 11ms -->
      <step title="Deployment timer started" date="2025-07-31T08:40:27.334" >
        <step title="DeploymentManager.Deploy(id:a61f0d53-659c-410b-987b-ce46fe5a9950)" date="2025-07-31T08:40:27.341" >
          <step title="Collecting changeset information" date="2025-07-31T08:40:27.369" /><!-- duration: 140ms -->
          <step title="Updating submodules" date="2025-07-31T08:40:27.527" /><!-- duration: 1122ms -->
          <step title="Determining deployment builder" date="2025-07-31T08:40:28.947" >
            <step title="Builder is OneDeployBuilder" date="2025-07-31T08:40:28.967" /><!-- duration: 5ms -->
          </step><!-- duration: 33ms -->
          <step title="PreDeployment: context.CleanOutputPath False" date="2025-07-31T08:40:29.046" >
            <step title="PreDeployment: context.OutputPath /home/site/wwwroot" date="2025-07-31T08:40:29.173" >
              <step title="Building" date="2025-07-31T08:40:29.337" >
                <step title="Executing external process" date="2025-07-31T08:40:29.830" type="process" path="starter.sh" arguments="/opt/Kudu/Scripts/parallel_rsync.sh /tmp/zipdeploy/extracted /home/site/wwwroot 8 /tmp/ False False  " /><!-- duration: 1565ms -->
                <step title="Modified file to trigger a restart of the app container." date="2025-07-31T08:40:31.984" /><!-- duration: 4ms -->
                <step title="Skip function trigger and logicapp sync because function is not enabled." date="2025-07-31T08:40:31.997" /><!-- duration: 10ms -->
                <step title="Purge deployment items" date="2025-07-31T08:40:32.661" >
                  <step title="Remove 6c3009c3-, Failed, received at 07/31/2025 08:38:08" date="2025-07-31T08:40:32.718" /><!-- duration: 4ms -->
                </step><!-- duration: 65ms -->
              </step><!-- duration: 3445ms -->
            </step><!-- duration: 3616ms -->
            <step title="Cleaning up temp files" date="2025-07-31T08:40:32.791" /><!-- duration: 6ms -->
            <step title="Cleaning up temp files" date="2025-07-31T08:40:32.810" /><!-- duration: 504ms -->
            <step title="Reloading status file with latest updates" date="2025-07-31T08:40:33.356" >
              <step title="WebHooksManager.PublishEventAsync: PostDeployment" date="2025-07-31T08:40:33.362" /><!-- duration: 35ms -->
            </step><!-- duration: 45ms -->
            <step title="Cleaning up temporary deployment - fetch deployment was successful" date="2025-07-31T08:40:33.407" /><!-- duration: 4ms -->
          </step><!-- duration: 4467ms -->
        </step><!-- duration: 6191ms -->
        <step title="Outgoing response" date="2025-07-31T08:40:33.537" type="response" statusCode="200" statusText="OK" /><!-- duration: 5ms -->
      </step><!-- duration: 6211ms -->
