<step title="Incoming Request" date="2025-07-31T11:48:02.383" instance="52038d" url="/api/publish?type=zip" method="POST" type="request" pid="807,1,21" Accept="*/*" Host="customer-support-api.scm.azurewebsites.net" User-Agent="AZURECLI/2.71.0 (HOMEBREW)" Accept-Encoding="gzip, deflate" Authorization="Bas..." Cache-Control="no-cache" Content-Type="application/octet-stream" Cookie="ARRAffinity=52038d977ec3dcd2065ef7f8d553e9c533ad3943d69085df8fa73bfbb156598f; ARRAffinitySameSite=52038d977ec3dcd2065ef7f8d553e9c533ad3943d69085df8fa73bfbb156598f" Content-Length="111843" x-ms-client-request-id="30bda238-6e04-11f0-a279-6efce004ed77" x-ms-artifact-checksum="2f53f8665fbc77e4729f13e72885a6114b141f5fcc42845ff6edeb4c7f8c2f84" X-ARR-LOG-ID="30bda238-6e04-11f0-a279-6efce004ed77" CLIENT-IP="27.59.59.67:4005" X-SITE-DEPLOYMENT-ID="customer-support-api" WAS-DEFAULT-HOSTNAME="customer-support-api.scm.azurewebsites.net" X-Forwarded-Proto="https" X-AppService-Proto="https" X-Forwarded-TlsVersion="1.3" X-WAWS-Unencoded-URL="/api/publish?type=zip" X-Client-IP="27.59.59.67" X-Client-Port="4005" >
  <step title="OneDeploy" date="2025-07-31T11:48:02.759" >
    <step title="None repository commit" date="2025-07-31T11:48:02.845" >
      <step title="Commit id: 39a72c7b-dfbd-45fc-a141-9f5231314109" date="2025-07-31T11:48:02.873" Message="N/A" AuthorName="N/A" AuthorEmail="N/A" /><!-- duration: 36ms -->
    </step><!-- duration: 73ms -->
    <step title="Starting PushDeployAsync" date="2025-07-31T11:48:02.937" /><!-- duration: 9ms -->
    <step title="Writing artifact to /tmp/zipdeploy/5cacc1e2-5f8b-4d9e-a9cb-515cc74c7875.zip" date="2025-07-31T11:48:03.030" >
      <step title="Writing multipart request body to /tmp/zipdeploy/5cacc1e2-5f8b-4d9e-a9cb-515cc74c7875.zip" date="2025-07-31T11:48:03.068" /><!-- duration: 35ms -->
    </step><!-- duration: 403ms -->
    <step title="Attempting to fetch target branch HEAD" date="2025-07-31T11:48:03.519" /><!-- duration: 27ms -->
    <step title="Acquiring Deployment Lock" date="2025-07-31T11:48:03.576" /><!-- duration: 11ms -->
    <step title="Acquired Deployment Lock" date="2025-07-31T11:48:03.732" /><!-- duration: 7ms -->
    <step title="Performing fetch based deployment" date="2025-07-31T11:48:03.770" >
      <step title="Creating temporary deployment" date="2025-07-31T11:48:03.791" /><!-- duration: 203ms -->
      <step title="Releasing Deployment Lock" date="2025-07-31T11:48:05.203" /><!-- duration: 8ms -->
      <step title="Cleaning up temp folders from previous zip deployments and extracting pushed zip file /tmp/zipdeploy/5cacc1e2-5f8b-4d9e-a9cb-515cc74c7875.zip (0.11 MB) to /tmp/zipdeploy/extracted" date="2025-07-31T11:48:05.249" >
        <step title="ChmodRecursive Process exited with total time taken in ms: 94" date="2025-07-31T11:48:05.443" /><!-- duration: 11ms -->
      </step><!-- duration: 233ms -->
      <step title="None repository commit" date="2025-07-31T11:48:05.508" >
        <step title="Commit id: 39a72c7b-dfbd-45fc-a141-9f5231314109" date="2025-07-31T11:48:05.523" Message="OneDeploy" AuthorName="N/A" AuthorEmail="N/A" /><!-- duration: 6ms -->
      </step><!-- duration: 26ms -->
      <step title="Deployment timer started" date="2025-07-31T11:48:07.548" >
        <step title="DeploymentManager.Deploy(id:39a72c7b-dfbd-45fc-a141-9f5231314109)" date="2025-07-31T11:48:07.579" >
          <step title="Collecting changeset information" date="2025-07-31T11:48:07.623" /><!-- duration: 166ms -->
          <step title="Updating submodules" date="2025-07-31T11:48:07.813" /><!-- duration: 1201ms -->
          <step title="Determining deployment builder" date="2025-07-31T11:48:09.292" >
            <step title="Builder is OneDeployBuilder" date="2025-07-31T11:48:09.312" /><!-- duration: 4ms -->
          </step><!-- duration: 29ms -->
          <step title="PreDeployment: context.CleanOutputPath False" date="2025-07-31T11:48:09.369" >
            <step title="PreDeployment: context.OutputPath /home/site/wwwroot" date="2025-07-31T11:48:09.639" >
              <step title="Building" date="2025-07-31T11:48:09.781" >
                <step title="Executing external process" date="2025-07-31T11:48:10.447" type="process" path="starter.sh" arguments="/opt/Kudu/Scripts/parallel_rsync.sh /tmp/zipdeploy/extracted /home/site/wwwroot 8 /tmp/ False False  " /><!-- duration: 6215ms -->
                <step title="Modified file to trigger a restart of the app container." date="2025-07-31T11:48:17.516" /><!-- duration: 5ms -->
                <step title="Skip function trigger and logicapp sync because function is not enabled." date="2025-07-31T11:48:17.540" /><!-- duration: 5ms -->
              </step><!-- duration: 8794ms -->
            </step><!-- duration: 8946ms -->
            <step title="Cleaning up temp files" date="2025-07-31T11:48:18.588" /><!-- duration: 8ms -->
            <step title="Cleaning up temp files" date="2025-07-31T11:48:18.602" /><!-- duration: 515ms -->
            <step title="Reloading status file with latest updates" date="2025-07-31T11:48:19.156" >
              <step title="WebHooksManager.PublishEventAsync: PostDeployment" date="2025-07-31T11:48:19.175" /><!-- duration: 234ms -->
            </step><!-- duration: 279ms -->
            <step title="Cleaning up temporary deployment - fetch deployment was successful" date="2025-07-31T11:48:19.467" /><!-- duration: 10ms -->
          </step><!-- duration: 10278ms -->
        </step><!-- duration: 12120ms -->
        <step title="Outgoing response" date="2025-07-31T11:48:19.725" type="response" statusCode="200" statusText="OK" /><!-- duration: 7ms -->
      </step><!-- duration: 12190ms -->
