﻿<?xml version="1.0" encoding="utf-8"?>
<deployment>
  <id>6ed41b82-31f0-4b2a-b07d-031adcc5a617</id>
  <author>N/A</author>
  <deployer>OneDeploy</deployer>
  <authorEmail>N/A</authorEmail>
  <message>OneDeploy</message>
  <progress></progress>
  <status>Success</status>
  <statusText></statusText>
  <lastSuccessEndTime>2025-07-31T11:21:38.194441Z</lastSuccessEndTime>
  <receivedTime>2025-07-31T11:21:32.3736971Z</receivedTime>
  <startTime>2025-07-31T11:21:33.802232Z</startTime>
  <endTime>2025-07-31T11:21:38.194441Z</endTime>
  <complete>True</complete>
  <is_temp>False</is_temp>
  <is_readonly>True</is_readonly>
  <buildSummary />
</deployment>